nombre,institucion,servicio,app_id_android,rating,num_resenas,instalaciones,instalaciones_reales,categoria,desarrollador,version,es_gratis,fecha_lanzamiento,fecha_actualizacion,fecha_extraccion,error
Alfin Banco,Intercorp,Prepago,com.alfinbanco.appclientes,2.6,264,100.000+,200273,Finanzas,Alfin Banco,2.9.3,True,31 ene 2022,2026-08-06,2026-09-01,
B89,Fintech,Prepago,io.b89.berlin,s/d,s/d,s/d,s/d,s/d,s/d,s/d,s/d,s/d,s/d,2026-09-01,app no encontrada (retirada de la tienda o app_id incorrecto)
BanBif App,Banco,Banca movil,pe.com.banbif.pnappmobile,3.854369,986,100.000+,221176,Finanzas,Banco Interamericano de Finanzas,Varies with device,True,10 oct 2025,s/d,2026-09-01,
Banca Movil Banca GNB,Banco,Banca movil,com.bm_gnb_pe,3.34,510,50.000+,97685,Finanzas,Banco GNB - Perú,1.8.29,True,28 sept 2018,2026-08-30,2026-09-01,
Banca Móvil BCP,Banco,Banca movil,com.bcp.bank.bcp,4.6336083,759534,10.000.000+,30942282,Finanzas,Banco de Crédito del Perú,5.14.0,True,17 ene 2014,2026-07-31,2026-09-01,
Banco de Comercio BANCOM,Banco,Banca movil,pe.com.bancomercio.mobilebanking,3.0873787,556,100.000+,108339,Finanzas,Bancom Perú,Varies with device,True,22 jun 2017,s/d,2026-09-01,
Banco de la Nación,Banco,Banca movil,pe.com.bn.app.bancodelanacion,3.3091557,59112,10.000.000+,10142573,Finanzas,Banco de la Nación,4.6.0,True,6 dic 2017,2025-10-23,2026-09-01,
Banco Falabella Perú,Banco,Banca movil,per.bf.desa,2.182715,21512,1.000.000+,4433862,Finanzas,Banco Falabella Perú,2.82.0,True,13 mar 2017,2026-08-27,2026-09-01,
Banco Pichincha Perú,Banco,Banca movil,pe.pichincha.bm,3.4564643,3892,500.000+,611194,Finanzas,Banco Pichincha,2.10.9,True,2 jul 2020,2026-08-13,2026-09-01,
Banco Ripley Perú,Banco,Banca movil,com.ripley.banco.peru,3.5368361,17782,1.000.000+,2470509,Finanzas,Banco Ripley Perú,6.37.1,True,18 sept 2018,2026-07-18,2026-09-01,
BBVA Perú,Banco,Banca movil,com.bbva.nxt_peru,4.2407937,537536,10.000.000+,15258709,Finanzas,BBVA,26.70.10,True,23 oct 2012,2026-07-16,2026-09-01,
BIM,PDP S.A.,Billetera celular,com.pdp.bim,3.2074418,10900,1.000.000+,4850429,Finanzas,Pagos Digitales Peruanos S.A.,3.1.49,True,14 feb 2018,2026-06-11,2026-09-01,
BIpay,Bitel,Billetera digital,com.bitel.bipay,2.5612383,7444,1.000.000+,3002021,Finanzas,Bitel,1.3.80,True,31 jul 2023,2026-08-28,2026-09-01,
Bonus,Retail (Loyalty Perú),Prepago,com.bonus.bonus,1.8434782,1153,100.000+,376578,Productividad,Loyalty Perú,2.0.9,True,8 ago 2024,2026-05-25,2026-09-01,
Caja Arequipa,Caja Municipal,Consulta de saldos y pagos,com.cmac.cajamovilaqp,4.8440332,27492,1.000.000+,1508214,Finanzas,Caja Arequipa,4.53.1,True,4 nov 2016,2026-08-27,2026-09-01,
Caja Cusco - Wayki App,Caja Municipal,Consulta de saldos y pagos,com.pe.cajacusco.movil,3.0947368,1922,1.000.000+,1020934,Finanzas,CAJA CUSCO S.A,2.9.2,True,27 dic 2019,2026-07-21,2026-09-01,
Caja Huancayo App,Caja Municipal,Consulta de saldos y pagos,com.cajahuancayo.cajahuancayo.appcajahuancayo,2.9946702,15161,1.000.000+,1711834,Finanzas,Caja Huancayo,2.0.4,True,1 ago 2018,2026-08-27,2026-09-01,
Caja Ica App,Caja Municipal,Consulta de saldos y pagos,com.cmacica.prd,3.12,779,100.000+,239636,Finanzas,Caja Municipal Ica,3.26,True,18 jul 2020,2026-08-24,2026-09-01,
Caja Piura App,Caja Municipal,Consulta de saldos y pagos,pe.cajapiura.bancamovil,3.8761384,5511,1.000.000+,1167102,Finanzas,Caja Piura,1.16.0.8,True,31 dic 2019,2026-08-24,2026-09-01,
Caja Tacna App,Caja Municipal,Consulta de saldos y pagos,com.cajatacna.droid,3.4950495,201,50.000+,71027,Finanzas,CMAC TACNA S.A.,1.8.15,True,5 jul 2017,2026-06-17,2026-09-01,
Caja Trujillo,Caja Municipal,Consulta de saldos y pagos,com.appcajatrujillo,2.3100774,1304,500.000+,506622,Finanzas,Developer Caja Trujillo,1.11.25,True,19 nov 2019,2026-08-04,2026-09-01,
Banco Compartamos,Banco,Consulta de saldos y pagos,pe.com.compartamos.bancamovil,3.3359375,2721,1.000.000+,1673071,Finanzas,Compartamos Banco,3.1.76,True,18 abr 2018,2026-07-20,2026-09-01,
Coopac Abaco,Cooperativa,Consulta de saldos y pagos,com.abaco.movil,4.5,53,5.000+,7777,Finanzas,Cooperativa de Ahorro y Crédito Abaco,1.6.1,True,25 nov 2017,2026-03-28,2026-09-01,
Coopac San Cristobal de Huamanga,Cooperativa,Consulta de saldos y pagos,org.cacsch.saldomatico,3.4148936,95,10.000+,34071,Finanzas,CAC San Cristóbal de Huamanga,Varies with device,True,16 mar 2018,s/d,2026-09-01,
Coopac San Isidro,Cooperativa,Consulta de saldos y pagos,pe.coopac.huaral.app_banking,4.28,27,5.000+,5731,Finanzas,Cooperativa San Isidro,Varies with device,True,1 sept 2020,s/d,2026-09-01,
Coopac San Miguel,Cooperativa,Consulta de saldos y pagos,pe.com.bankingly.Pe_SanMiguel,s/d,s/d,500+,810,Finanzas,Coopac San Miguel,Varies with device,True,20 jul 2025,s/d,2026-09-01,
Coopac Santa Maria Movil,Cooperativa,Consulta de saldos y pagos,pe.com.coopsantamariaenlinea.coopemovilsmm,4.72,150,10.000+,23639,Finanzas,Cooperativa Ahorro y Credito Santa María Magdalena,3.0.9,True,5 feb 2016,2025-08-25,2026-09-01,
Santander Consumer Perú,"Financiera (Grupo Santander, ex CrediScotia)",Consulta de saldos y pagos,pe.com.scotiabank.blpm.android.client.csf,2.75,984,500.000+,957633,Finanzas,Santander Consumer Bank Peru,3.2.0,True,16 dic 2020,2026-08-05,2026-09-01,
Cuenta DNI Perú (Banco de la Nación),Banco de la Nación,Consulta de saldos,com.bnp.banking,3.1515152,33,10.000+,30794,Finanzas,Banco de la Nación,4.0.7,True,30 nov 2022,2026-06-11,2026-09-01,
Diners Club Perú,Tarjeta de Crédito,App tarjeta de crédito,pe.solera.diners,4.802566,14230,500.000+,509761,Finanzas,Diners Club Perú S.A.,8.7.4,True,17 nov 2017,2026-08-28,2026-09-01,
Financiera Confianza,Financiera,Consulta de saldos y pagos,pe.confianza.cliente,2.7326732,318,100.000+,397277,Finanzas,Financiera Confianza,2.5.6,True,29 abr 2024,2026-08-19,2026-09-01,
Efectibank,Financiera,Billetera Digital,com.efectivadigital.appclientes,2.89,810,500.000+,596872,Finanzas,Financiera Efectiva S.A.,2.0.1,True,18 mar 2022,2026-07-16,2026-09-01,
Global66,Fintech chilena (Global 81),Multi-moneda,com.global66.cards,4.7901993,78640,1.000.000+,3100194,Finanzas,Global66,5.18.0,True,10 feb 2020,2026-08-27,2026-09-01,
Inspira te Ilumina,Educación financiera (Sof.ia),App educativa,com.sofia.inspira,4.5308642,81,100.000+,106567,Educación,SofiaTech,3.1.10,True,19 dic 2022,2026-03-02,2026-09-01,
Interbank App,Banco,Banca movil,pe.com.interbank.mobilebanking,4.4252167,264489,10.000.000+,13523250,Finanzas,Banco Internacional del Peru,23.2,True,7 jun 2011,2026-08-21,2026-09-01,
io,Banco (marca digital BCP),Banca movil,pe.io,4.7098975,5901,500.000+,678331,Finanzas,Banco de Credito del Peru,3.8.35,True,23 abr 2023,2026-08-24,2026-09-01,
Jet Cash,EEDE Jet Perú,Remesas de dinero,com.mobilcash.jetperuandroid,3.4375,95,10.000+,25503,Finanzas,MobilCash LC,3.7,True,21 jun 2018,2026-01-21,2026-09-01,
Kontigo,EEDE Gmoney,Prepago,pe.com.kontigo.neobank,3.0350878,58,10.000+,12930,Finanzas,GMoney S.A,3.6.3,True,27 may 2021,2024-04-25,2026-09-01,
Ligo,EEDE TPP (Tarjetas Peruanas Prepago),Prepago,pe.com.tarjetasperuanasprepago.tppapp,3.5367646,5727,1.000.000+,1182229,Finanzas,EEDE Tarjetas Peruanas Prepago,5.6.3,True,3 oct 2019,2026-06-20,2026-09-01,
Mibanco,Banco,Banca movil,com.mibanco.bancamovil,2.7586727,6837,1.000.000+,2292076,Finanzas,Mibanco Móvil Perú,4.13.2,True,8 mar 2019,2026-08-27,2026-09-01,
Máximo Tarjeta,Fintech (Alfin Banco),Prepago,maximo.peru.pe,3.5350318,1782,100.000+,144960,Finanzas,Máximo Pay,3.0.35,True,12 may 2020,2026-08-19,2026-09-01,
P51,Caja Arequipa,Wallet,com.cajaarq.p51,2.55,178,50.000+,88849,Finanzas,Caja Arequipa,Varies with device,True,18 sept 2024,s/d,2026-09-01,
Pacinet Móvil,Cooperativa,Consulta de saldos y pagos,com.pacinetmobile,4.5373135,74,10.000+,19295,Finanzas,Cooperativa de Ahorro y Crédito Pacífico,Varies with device,True,4 nov 2018,2025-09-17,2026-09-01,
Prex Perú,Fintech,Prepago,air.PrexPeru,4.7193646,30034,1.000.000+,2791995,Finanzas,PREX HOLDING S.A.S.,10.72.00,True,1 jun 2021,2026-08-27,2026-09-01,
Qapaq,Financiera,Consulta de saldos y pagos,com.qapaq.banking,2.86,117,50.000+,62866,Finanzas,R.U.C. 20521308321,Varies with device,True,12 ago 2020,s/d,2026-09-01,
Scotiabank Perú App,Banco,Banca movil,pe.com.scotiabank.blpm.android.client,2.371726,53156,5.000.000+,7754879,Finanzas,Scotiabank Perú,10.3.2,True,9 sept 2011,2026-08-06,2026-09-01,
Sip,Infinance XP (grupo Intercorp),"Billetera digital (cuentas, tarjetas, ahorros, cashback)",pe.solera.tarjetaoh,3.0246406,25089,1.000.000+,4653491,Finanzas,InFinance XP,5.9.0,True,24 may 2016,2026-08-17,2026-09-01,
Tarjeta W,Grupo Wong,Pagos QR y Transferencias,pe.com.tarjetaw.android.client.prod,2.7,294,500.000+,532595,Finanzas,Centro Comercial Plaza Norte,1.16.0,True,31 jul 2023,2026-08-20,2026-09-01,
Tulkit,Fintech,Consulta de saldos y pagos,com.tulkitpay.crypto,3.24,174,100.000+,103030,Finanzas,Tulkit Pay S.A.C.,2.0.11,True,25 mar 2024,2026-08-12,2026-09-01,
Yape,BCP,Pagos por celular P2P,com.bcp.innovacxion.yapeapp,4.4243784,769041,10.000.000+,48757900,Finanzas,Banco de Credito del Peru,3.67.0,True,5 sept 2016,2026-08-25,2026-09-01,
Panda,GMoney S.A.,Billetera digital multimoneda,pe.com.panda.neobank,3.5394738,76,10.000+,21831,Finanzas,GMoney S.A,1.16.0,True,20 jul 2023,2026-06-19,2026-09-01,
Lemon: Billetera Virtual,Lemon Cash Inc.,Cripto-billetera,com.applemoncash,3.5728507,45388,5.000.000+,7438198,Finanzas,Lemon Cash Inc,3.0.15,True,5 may 2023,2026-08-31,2026-09-01,
Coopac Norandino WalletOn,Coopac Norandino / FENACREP,Billetera digital cooperativa,com.wdt.banking.norandino,3.5789473,20,10.000+,10257,Finanzas,Coopac Norandino Ltda,Varies with device,True,10 abr 2021,s/d,2026-09-01,
Takenos,Takenos (fintech argentina),Cuenta multimoneda para freelancers,com.takenos,3.87,3695,1.000.000+,1085813,Finanzas,Takenos,4.15.0,True,25 jul 2024,2026-08-21,2026-09-01,
